Workbook

Sheet ActualBiomass
A1: Plot | B1: Quadrat | C1: Spp | D1: Actual dry mass + container w/o bag (g) | E1: Container mass (g) | F1: Actual dry mass w/o bag (g) | G1: Max diameter (cm)
A2: A1 | B2: Q4 | C2: Impatiens capensis | D2: 407.11 | E2: 406.57 | F2: =MAX(D2-E2, 0) -> 0.54
A3: B1 | B3: Q2 | C3: Humulus japonicus | D3: 424.37 | E3: 406.5 | F3: =MAX(D3-E3, 0) -> 17.87
A4: B1 | B4: Q4 | C4: Acer saccharinum | D4: 406.74 | E4: 406.55 | F4: =MAX(D4-E4, 0) -> 0.19
A5: B1 | B5: Q4 | C5: Toxicodendron radicans | D5: 406.88 | E5: 406.8 | F5: =MAX(D5-E5, 0) -> 0.08
A6: B1 | B6: Q4 | C6: Urtica gracilis | D6: 487.07 | E6: 406.99 | F6: =MAX(D6-E6, 0) -> 80.08
A7: B1 | B7: Q5 | C7: Humulus japonicus | D7: 420.26 | E7: 406.8 | F7: =MAX(D7-E7, 0) -> 13.46
A8: B1 | B8: Q5 | C8: Phalaris arundinacea | D8: 410.7 | E8: 406.61 | F8: =MAX(D8-E8, 0) -> 4.09
A9: B1 | B9: Q5 | C9: Urtica gracilis | D9: 408.65 | E9: 407.05 | F9: =MAX(D9-E9, 0) -> 1.6
A10: D1 | B10: Q4 | C10: Persicaria punctata | D10: 412.44 | E10: 407.1 | F10: =MAX(D10-E10, 0) -> 5.34
A11: D2 | B11: Q5 | C11: Ageratina altissima | D11: 412 | E11: 406.51 | F11: =MAX(D11-E11, 0) -> 5.49
A12: E3 | B12: Q3 | C12: Humulus japonicus | D12: 437.59 | E12: 406.48 | F12: =MAX(D12-E12, 0) -> 31.11
A13: B1 | B13: Q1 | C13: Herbaceous litter | D13: 480.63 | E13: 406.77 | F13: =MAX(D13-E13, 0) -> 73.86
... A248: B2 | B248: Q4 | C248: Herbaceous litter | D248: 49.83 | E248: 0 | F248: =MAX(D248-E248, 0) -> 49.83
A249: B2 | B249: Q4 | C249: Fine woody debris | D249: 108.62 | E249: 0 | F249: =MAX(D249-E249, 0) -> 108.62 | G249: 1.8
A250: B2 | B250: Q5 | C250: Herbaceous litter | D250: 36.02 | E250: 0 | F250: =MAX(D250-E250, 0) -> 36.02
A251: B2 | B251: Q5 | C251: Fine woody debris | D251: 13.6 | E251: 0 | F251: =MAX(D251-E251, 0) -> 13.6 | G251: 1.3
A252: C1 | B252: Q3 | C252: Herbaceous litter | D252: 38.96 | E252: 0 | F252: =MAX(D252-E252, 0) -> 38.96
A253: C1 | B253: Q3 | C253: Fine woody debris | D253: 13 | E253: 0 | F253: =MAX(D253-E253, 0) -> 13 | G253: 0.7
A254: C1 | B254: Q4 | C254: Herbaceous litter | D254: 25.22 | E254: 0 | F254: =MAX(D254-E254, 0) -> 25.22
A255: C1 | B255: Q4 | C255: Fine woody debris | D255: 0 | E255: 0 | F255: =MAX(D255-E255, 0) -> 0
A256: C1 | B256: Q5 | C256: Herbaceous litter | D256: 28.99 | E256: 0 | F256: =MAX(D256-E256, 0) -> 28.99
A257: C1 | B257: Q5 | C257: Fine woody debris | D257: 0 | E257: 0 | F257: =MAX(D257-E257, 0) -> 0
A258: C3 | B258: Q5 | C258: Herbaceous litter | D258: 27.57 | E258: 0 | F258: =MAX(D258-E258, 0) -> 27.57 | G258: 2.3
A259: C3 | B259: Q5 | C259: Fine woody debris | D259: 76.9 | E259: 0 | F259: =MAX(D259-E259, 0) -> 76.9
A260: C2 | B260: Q3 | C260: Herbaceous litter | D260: 47.43 | E260: 0 | F260: =MAX(D260-E260, 0) -> 47.43
A261: C2 | B261: Q3 | C261: Fine woody debris | D261: 35.01 | E261: 0 | F261: =MAX(D261-E261, 0) -> 35.01
A262: C2 | B262: Q1 | C262: Herbaceous litter | D262: 31.49 | E262: 0 | F262: =MAX(D262-E262, 0) -> 31.49
A263: C2 | B263: Q1 | C263: Fine woody debris | D263: 52.62 | E263: 0 | F263: =MAX(D263-E263, 0) -> 52.62
A264: C2 | B264: Q2 | C264: Herbaceous litter | D264: 80.7 | E264: 0 | F264: =MAX(D264-E264, 0) -> 80.7
A265: C2 | B265: Q2 | C265: Fine woody debris | D265: 109.14 | E265: 0 | F265: =MAX(D265-E265, 0) -> 109.14
A266: B3 | B266: Q2 | C266: Herbaceous litter | D266: 38.99 | E266: 0 | F266: =MAX(D266-E266, 0) -> 38.99 | G266: 2.1
A267: B3 | B267: Q2 | C267: Fine woody debris | D267: 41.97 | E267: 0 | F267: =MAX(D267-E267, 0) -> 41.97
A268: B3 | B268: Q5 | C268: Herbaceous litter | D268: 28.05 | E268: 0 | F268: =MAX(D268-E268, 0) -> 28.05
A269: B3 | B269: Q5 | C269: Fine woody debris | D269: 0 | E269: 0 | F269: =MAX(D269-E269, 0) -> 0 | G269: 0
A270: D1 | B270: Q1 | C270: Herbaceous litter | D270: 27.6 | E270: 0 | F270: =MAX(D270-E270, 0) -> 27.6
A271: D1 | B271: Q1 | C271: Fine woody debris | D271: 0 | E271: 0 | F271: =MAX(D271-E271, 0) -> 0 | G271: 0
A272: D1 | B272: Q2 | C272: Herbaceous litter | D272: 41.85 | E272: 0 | F272: =MAX(D272-E272, 0) -> 41.85
A273: D1 | B273: Q2 | C273: Fine woody debris | D273: 2 | E273: 0 | F273: =MAX(D273-E273, 0) -> 2 | G273: 1
A274: D1 | B274: Q3 | C274: Herbaceous litter | D274: 23.56 | E274: 0 | F274: =MAX(D274-E274, 0) -> 23.56
A275: D1 | B275: Q3 | C275: Fine woody debris | D275: 8 | E275: 0 | F275: =MAX(D275-E275, 0) -> 8 | G275: 1.8
A276: D1 | B276: Q4 | C276: Herbaceous litter | D276: 17.67 | E276: 0 | F276: =MAX(D276-E276, 0) -> 17.67
A277: D1 | B277: Q4 | C277: Fine woody debris | D277: 0 | E277: 0 | F277: =MAX(D277-E277, 0) -> 0 | G277: 0
A278: D1 | B278: Q5 | C278: Herbaceous litter | D278: 48.94 | E278: 0 | F278: =MAX(D278-E278, 0) -> 48.94
A279: D1 | B279: Q5 | C279: Fine woody debris | D279: 0 | E279: 0 | F279: =MAX(D279-E279, 0) -> 0 | G279: 0
A280: E2 | B280: Q1 | C280: Herbaceous litter | D280: 129.51 | E280: 0 | F280: =MAX(D280-E280, 0) -> 129.51
A281: E2 | B281: Q1 | C281: Fine woody debris | D281: 0 | E281: 0 | F281: =MAX(D281-E281, 0) -> 0 | G281: 0
A282: E2 | B282: Q2 | C282: Herbaceous litter | D282: 80.25 | E282: 0 | F282: =MAX(D282-E282, 0) -> 80.25
A283: E2 | B283: Q2 | C283: Fine woody debris | D283: 7.3 | E283: 0 | F283: =MAX(D283-E283, 0) -> 7.3 | G283: 1
A284: E2 | B284: Q3 | C284: Herbaceous litter | D284: 74.41 | E284: 0 | F284: =MAX(D284-E284, 0) -> 74.41
A285: E2 | B285: Q3 | C285: Fine woody debris | D285: 0 | E285: 0 | F285: =MAX(D285-E285, 0) -> 0 | G285: 0
A286: E2 | B286: Q4 | C286: Herbaceous litter | D286: 35.26 | E286: 0 | F286: =MAX(D286-E286, 0) -> 35.26
A287: E2 | B287: Q4 | C287: Fine woody debris | D287: 0 | E287: 0 | F287: =MAX(D287-E287, 0) -> 0 | G287: 0
A288: E2 | B288: Q5 | C288: Herbaceous litter | D288: 43.94 | E288: 0 | F288: =MAX(D288-E288, 0) -> 43.94
A289: E2 | B289: Q5 | C289: Fine woody debris | D289: 4.26 | E289: 0 | F289: =MAX(D289-E289, 0) -> 4.26 | G289: 0.6
A290: D3 | B290: Q1 | C290: Herbaceous litter | D290: 83.17 | E290: 0 | F290: =MAX(D290-E290, 0) -> 83.17
A291: D3 | B291: Q1 | C291: Fine woody debris | D291: 0 | E291: 0 | F291: =MAX(D291-E291, 0) -> 0 | G291: 0
A292: D3 | B292: Q2 | C292: Herbaceous litter | D292: 85.96 | E292: 0 | F292: =MAX(D292-E292, 0) -> 85.96
A293: D3 | B293: Q2 | C293: Fine woody debris | D293: 5.23 | E293: 0 | F293: =MAX(D293-E293, 0) -> 5.23 | G293: 0.6
A294: D3 | B294: Q3 | C294: Herbaceous litter | D294: 83.78 | E294: 0 | F294: =MAX(D294-E294, 0) -> 83.78
A295: D3 | B295: Q3 | C295: Fine woody debris | D295: 2.11 | E295: 0 | F295: =MAX(D295-E295, 0) -> 2.11 | G295: 0.7
A296: D3 | B296: Q4 | C296: Herbaceous litter | D296: 69.44 | E296: 0 | F296: =MAX(D296-E296, 0) -> 69.44
A297: D3 | B297: Q4 | C297: Fine woody debris | D297: 5.62 | E297: 0 | F297: =MAX(D297-E297, 0) -> 5.62 | G297: 0.8
A298: D3 | B298: Q5 | C298: Herbaceous litter | D298: 86.21 | E298: 0 | F298: =MAX(D298-E298, 0) -> 86.21
A299: D3 | B299: Q5 | C299: Fine woody debris | D299: 1.4 | E299: 0 | F299: =MAX(D299-E299, 0) -> 1.4 | G299: 0.6
A300: R3 | B300: Q1 | C300: Herbaceous litter | D300: 24.28 | E300: 0 | F300: =MAX(D300-E300, 0) -> 24.28
A301: R3 | B301: Q1 | C301: Fine woody debris | D301: 0 | E301: 0 | F301: =MAX(D301-E301, 0) -> 0 | G301: 0
A302: R3 | B302: Q2 | C302: Herbaceous litter | D302: 19.6 | E302: 0 | F302: =MAX(D302-E302, 0) -> 19.6
A303: R3 | B303: Q2 | C303: Fine woody debris | D303: 53.27 | E303: 0 | F303: =MAX(D303-E303, 0) -> 53.27 | G303: 0.9
A304: R3 | B304: Q3 | C304: Herbaceous litter | D304: 41.65 | E304: 0 | F304: =MAX(D304-E304, 0) -> 41.65
A305: R3 | B305: Q3 | C305: Fine woody debris | D305: 10.78 | E305: 0 | F305: =MAX(D305-E305, 0) -> 10.78 | G305: 0.6
A306: R3 | B306: Q4 | C306: Herbaceous litter | D306: 26.1 | E306: 0 | F306: =MAX(D306-E306, 0) -> 26.1
A307: R3 | B307: Q4 | C307: Fine woody debris | D307: 0 | E307: 0 | F307: =MAX(D307-E307, 0) -> 0 | G307: 0
A308: R3 | B308: Q5 | C308: Herbaceous litter | D308: 22.71 | E308: 0 | F308: =MAX(D308-E308, 0) -> 22.71
A309: R3 | B309: Q5 | C309: Fine woody debris | D309: 0 | E309: 0 | F309: =MAX(D309-E309, 0) -> 0 | G309: 0
A310: D2 | B310: Q1 | C310: Herbaceous litter | D310: 63.54 | E310: 0 | F310: =MAX(D310-E310, 0) -> 63.54
A311: D2 | B311: Q1 | C311: Fine woody debris | D311: 0 | E311: 0 | F311: =MAX(D311-E311, 0) -> 0 | G311: 0
A312: D2 | B312: Q2 | C312: Herbaceous litter | D312: 24.7 | E312: 0 | F312: =MAX(D312-E312, 0) -> 24.7
A313: D2 | B313: Q2 | C313: Fine woody debris | D313: 0 | E313: 0 | F313: =MAX(D313-E313, 0) -> 0 | G313: 0
A314: D2 | B314: Q3 | C314: Herbaceous litter | D314: 52.25 | E314: 0 | F314: =MAX(D314-E314, 0) -> 52.25
A315: D2 | B315: Q3 | C315: Fine woody debris | D315: 0 | E315: 0 | F315: =MAX(D315-E315, 0) -> 0 | G315: 0
A316: D2 | B316: Q4 | C316: Herbaceous litter | D316: 27.53 | E316: 0 | F316: =MAX(D316-E316, 0) -> 27.53
A317: D2 | B317: Q4 | C317: Fine woody debris | D317: 0 | E317: 0 | F317: =MAX(D317-E317, 0) -> 0 | G317: 0
A318: D2 | B318: Q5 | C318: Herbaceous litter | D318: 73.23 | E318: 0 | F318: =MAX(D318-E318, 0) -> 73.23
A319: D2 | B319: Q5 | C319: Fine woody debris | D319: 10.21 | E319: 0 | F319: =MAX(D319-E319, 0) -> 10.21 | G319: 1.2
A320: E3 | B320: Q1 | C320: Herbaceous litter | D320: 70.62 | E320: 0 | F320: =MAX(D320-E320, 0) -> 70.62
A321: E3 | B321: Q1 | C321: Fine woody debris | D321: 0 | E321: 0 | F321: =MAX(D321-E321, 0) -> 0 | G321: 0
A322: E3 | B322: Q2 | C322: Herbaceous litter | D322: 84.16 | E322: 0 | F322: =MAX(D322-E322, 0) -> 84.16
A323: E3 | B323: Q2 | C323: Fine woody debris | D323: 1.15 | E323: 0 | F323: =MAX(D323-E323, 0) -> 1.15 | G323: 0.8
A324: E3 | B324: Q3 | C324: Herbaceous litter | D324: 41.33 | E324: 0 | F324: =MAX(D324-E324, 0) -> 41.33
A325: E3 | B325: Q3 | C325: Fine woody debris | D325: 0.75 | E325: 0 | F325: =MAX(D325-E325, 0) -> 0.75 | G325: 0.6
A326: E3 | B326: Q4 | C326: Herbaceous litter | D326: 52.36 | E326: 0 | F326: =MAX(D326-E326, 0) -> 52.36
A327: E3 | B327: Q4 | C327: Fine woody debris | D327: 1.96 | E327: 0 | F327: =MAX(D327-E327, 0) -> 1.96 | G327: 0.6
A328: E3 | B328: Q5 | C328: Herbaceous litter | D328: 52.62 | E328: 0 | F328: =MAX(D328-E328, 0) -> 52.62
A329: E3 | B329: Q5 | C329: Fine woody debris | D329: 2.31 | E329: 0 | F329: =MAX(D329-E329, 0) -> 2.31 | G329: 0.7
A330: R1 | B330: Q1 | C330: Herbaceous litter | D330: 8.15 | E330: 0 | F330: =MAX(D330-E330, 0) -> 8.15
A331: R1 | B331: Q1 | C331: Fine woody debris | D331: 1.68 | E331: 0 | F331: =MAX(D331-E331, 0) -> 1.68 | G331: 0.6
A332: R1 | B332: Q2 | C332: Herbaceous litter | D332: 11.73 | E332: 0 | F332: =MAX(D332-E332, 0) -> 11.73
A333: R1 | B333: Q2 | C333: Fine woody debris | D333: 5.83 | E333: 0 | F333: =MAX(D333-E333, 0) -> 5.83 | G333: 0.6
A334: R1 | B334: Q3 | C334: Herbaceous litter | D334: 11.19 | E334: 0 | F334: =MAX(D334-E334, 0) -> 11.19
...

Sheet ActualBiomass_Sorted
A1: Plot | B1: Quadrat | C1: Spp | D1: Actual dry mass + container w/o bag (g) | E1: Container mass (g) | F1: Actual dry mass w/o bag (g) | G1: Max diameter (cm)
A2: A1 | B2: Q1 | C2: Fine woody debris | D2: 28.32 | E2: 0 | F2: 28.32 | G2: 1.5
A3: A1 | B3: Q1 | C3: Herbaceous litter | D3: 45.34 | E3: 0 | F3: 45.34
A4: A1 | B4: Q1 | C4: Pilea pumila | D4: 2.6 | E4: 0 | F4: 2.6
A5: A1 | B5: Q2 | C5: Elymus virginicus | D5: 0.15 | E5: 0 | F5: 0.15
A6: A1 | B6: Q2 | C6: Fine woody debris | D6: 32.01 | E6: 0 | F6: 32.01 | G6: 1.4
A7: A1 | B7: Q2 | C7: Herbaceous litter | D7: 39.63 | E7: 0 | F7: 39.63
A8: A1 | B8: Q2 | C8: Persicaria punctata | D8: 4.54 | E8: 0 | F8: 4.54
A9: A1 | B9: Q2 | C9: Pilea pumila | D9: 5.45 | E9: 0 | F9: 5.45
A10: A1 | B10: Q3 | C10: Fine woody debris | D10: 0 | E10: 0 | F10: 0
A11: A1 | B11: Q3 | C11: Herbaceous litter | D11: 35.14 | E11: 0 | F11: 35.14
A12: A1 | B12: Q3 | C12: Pilea pumila | D12: 3.83 | E12: 0 | F12: 3.83
A13: A1 | B13: Q4 | C13: Acer saccharinum | D13: 0.67 | E13: 0 | F13: 0.67
A14: A1 | B14: Q4 | C14: Fine woody debris | D14: 62.55 | E14: 0 | F14: 62.55 | G14: 2.5
A15: A1 | B15: Q4 | C15: Herbaceous litter | D15: 57.74 | E15: 0 | F15: 57.74
A16: A1 | B16: Q4 | C16: Impatiens capensis | D16: 407.11 | E16: 406.57 | F16: 0.54
A17: A1 | B17: Q4 | C17: Persicaria punctata | D17: 0.69 | E17: 0 | F17: 0.69
A18: A1 | B18: Q4 | C18: Toxicodendron radicans | D18: 0.84 | E18: 0 | F18: 0.84
A19: A1 | B19: Q4 | C19: Ulmus americana | D19: 408.05 | E19: 406.36 | F19: 1.69
A20: A1 | B20: Q5 | C20: Fine woody debris | D20: 25.53 | E20: 0 | F20: 25.53
A21: A1 | B21: Q5 | C21: Fraxinus pennsylvanica | D21: 0.17 | E21: 0 | F21: 0.17
A22: A1 | B22: Q5 | C22: Galium aparine | D22: 0.07 | E22: 0 | F22: 0.07
A23: A1 | B23: Q5 | C23: Herbaceous litter | D23: 39.48 | E23: 0 | F23: 39.48
A24: A1 | B24: Q5 | C24: Sicyos angulatus | D24: 0.86 | E24: 0 | F24: 0.86
A25: A1 | B25: Q5 | C25: Toxicodendron radicans | D25: 0.11 | E25: 0 | F25: 0.11
A26: A1 | B26: Q5 | C26: Viola sororia | D26: 0.41 | E26: 0 | F26: 0.41
... A60: A3 | B60: Q1 | C60: Toxicodendron radicans | D60: 410.11 | E60: 406.36 | F60: 3.75
A61: A3 | B61: Q2 | C61: Fine woody debris | D61: 22.37 | E61: 0 | F61: 22.37 | G61: 1.6
A62: A3 | B62: Q2 | C62: Herbaceous litter | D62: 51.13 | E62: 0 | F62: 51.13
A63: A3 | B63: Q2 | C63: Morus alba | D63: 408.54 | E63: 406.36 | F63: 2.18
A64: A3 | B64: Q2 | C64: Pilea pumila | D64: 407.21 | E64: 406.36 | F64: 0.85
A65: A3 | B65: Q2 | C65: Sicyos angulatus | D65: 410.58 | E65: 406.36 | F65: 4.22
A66: A3 | B66: Q3 | C66: Fine woody debris | D66: 7.68 | E66: 0 | F66: 7.68
A67: A3 | B67: Q3 | C67: Galium aparine | D67: 0.08 | E67: 406.36 | F67: 0
A68: A3 | B68: Q3 | C68: Herbaceous litter | D68: 82.88 | E68: 0 | F68: 82.88
A69: A3 | B69: Q3 | C69: Symphyotrichum ontarionisis | D69: 406.99 | E69: 406.36 | F69: 0.63
A70: A3 | B70: Q4 | C70: Fine woody debris | D70: 2.06 | E70: 0 | F70: 2.06 | G70: 1.2
A71: A3 | B71: Q4 | C71: Galium aparine | D71: 0.02 | E71: 0 | F71: 0.02
A72: A3 | B72: Q4 | C72: Herbaceous litter | D72: 27.09 | E72: 0 | F72: 27.09
A73: A3 | B73: Q4 | C73: Symphyotrichum ontarionisis | D73: 407.34 | E73: 406.36 | F73: 0.98
A74: A3 | B74: Q4 | C74: Trifolium repens | D74: 408.01 | E74: 406.36 | F74: 1.65
A75: A3 | B75: Q5 | C75: Fine woody debris | D75: 38.24 | E75: 0 | F75: 38.24
A76: A3 | B76: Q5 | C76: Herbaceous litter | D76: 42.99 | E76: 0 | F76: 42.99
A77: A3 | B77: Q5 | C77: Pilea pumila | D77: 406.66 | E77: 406.36 | F77: 0.3
A78: A3 | B78: Q5 | C78: Symphyotrichum ontarionisis | D78: 411.62 | E78: 406.36 | F78: 5.26
A79: B1 | B79: Q1 | C79: Fine woody debris | D79: 462.37 | E79: 406.48 | F79: 55.89
A80: B1 | B80: Q1 | C80: Herbaceous litter | D80: 480.63 | E80: 406.77 | F80: 73.86
A81: B1 | B81: Q1 | C81: Humulus japonicus | D81: 444.08 | E81: 406.36 | F81: 37.72
A82: B1 | B82: Q2 | C82: Fine woody debris | D82: 25.3 | E82: 0 | F82: 25.3 | G82: 2.8
A83: B1 | B83: Q2 | C83: Galium aparine | D83: 0.01 | E83: 0 | F83: 0.01
A84: B1 | B84: Q2 | C84: Herbaceous litter | D84: 50.47 | E84: 0 | F84: 50.47
A85: B1 | B85: Q2 | C85: Humulus japonicus | D85: 424.37 | E85: 406.5 | F85: 17.87
A86: B1 | B86: Q2 | C86: Persicaria punctata | D86: 0.03 | E86: 0 | F86: 0.03
A87: B1 | B87: Q2 | C87: Sicyos angulatus | D87: 0.48 | E87: 0 | F87: 0.48
A88: B1 | B88: Q3 | C88: Fine woody debris | D88: 132.18 | E88: 0 | F88: 132.18 | G88: 2.7
A89: B1 | B89: Q3 | C89: Herbaceous litter | D89: 42.36 | E89: 0 | F89: 42.36
A90: B1 | B90: Q3 | C90: Toxicodendron radicans | D90: 0.31 | E90: 0 | F90: 0.31
A91: B1 | B91: Q4 | C91: Acer saccharinum | D91: 406.74 | E91: 406.55 | F91: 0.19
A92: B1 | B92: Q4 | C92: Fine woody debris | D92: 81.81 | E92: 0 | F92: 81.81 | G92: 1.8
A93: B1 | B93: Q4 | C93: Herbaceous litter | D93: 55.93 | E93: 0 | F93: 55.93
A94: B1 | B94: Q4 | C94: Toxicodendron radicans | D94: 406.88 | E94: 406.8 | F94: 0.08
A95: B1 | B95: Q4 | C95: Urtica gracilis | D95: 487.07 | E95: 406.99 | F95: 80.08
A96: B1 | B96: Q5 | C96: Fine woody debris | D96: 0 | E96: 0 | F96: 0 | G96: 0
A97: B1 | B97: Q5 | C97: Herbaceous litter | D97: 120.14 | E97: 0 | F97: 120.14
A98: B1 | B98: Q5 | C98: Humulus japonicus | D98: 420.26 | E98: 406.8 | F98: 13.46
A99: B1 | B99: Q5 | C99: Phalaris arundinacea | D99: 410.7 | E99: 406.61 | F99: 4.09
A100: B1 | B100: Q5 | C100: Urtica gracilis | D100: 408.65 | E100: 407.05 | F100: 1.6 | H100: B1 total hum jap
A101: B2 | B101: Q1 | C101: Fine woody debris | D101: 37.34 | E101: 0 | F101: 37.34 | H101: =F81+F85+F98 -> 69.05
A102: B2 | B102: Q1 | C102: Galium aparine | D102: 406.41 | E102: 406.36 | F102: 0.05
A103: B2 | B103: Q1 | C103: Herbaceous litter | D103: 46.53 | E103: 0 | F103: 46.53
A104: B2 | B104: Q2 | C104: Fine woody debris | D104: 199.32 | E104: 0 | F104: 199.32 | G104: 2.8
A105: B2 | B105: Q2 | C105: Galium aparine | D105: 406.43 | E105: 406.36 | F105: 0.07
A106: B2 | B106: Q2 | C106: Herbaceous litter | D106: 47.25 | E106: 0 | F106: 47.25
A107: B2 | B107: Q3 | C107: Fine woody debris | D107: 36.52 | E107: 0 | F107: 36.52
A108: B2 | B108: Q3 | C108: Galium aparine | D108: 406.42 | E108: 406.36 | F108: 0.06
A109: B2 | B109: Q3 | C109: Herbaceous litter | D109: 33.43 | E109: 0 | F109: 33.43
A110: B2 | B110: Q3 | C110: Humulus japonicus | D110: 406.61 | E110: 406.36 | F110: 0.25
A111: B2 | B111: Q3 | C111: Vitis riparia | D111: 406.46 | E111: 406.36 | F111: 0.1
A112: B2 | B112: Q4 | C112: Fine woody debris | D112: 108.62 | E112: 0 | F112: 108.62 | G112: 1.8
A113: B2 | B113: Q4 | C113: Herbaceous litter | D113: 49.83 | E113: 0 | F113: 49.83
A114: B2 | B114: Q4 | C114: Persicaria punctata | D114: 406.63 | E114: 406.36 | F114: 0.27
A115: B2 | B115: Q4 | C115: Sicyos angulatus | D115: 406.92 | E115: 406.36 | F115: 0.56
A116: B2 | B116: Q5 | C116: Fine woody debris | D116: 13.6 | E116: 0 | F116: 13.6 | G116: 1.3
A117: B2 | B117: Q5 | C117: Galium aparine | D117: 407.02 | E117: 406.36 | F117: 0.66
A118: B2 | B118: Q5 | C118: Herbaceous litter | D118: 36.02 | E118: 0 | F118: 36.02
A119: B3 | B119: Q1 | C119: Fine woody debris | D119: 249.05 | E119: 0 | F119: 249.05 | G119: 7
A120: B3 | B120: Q1 | C120: Galium aparine | D120: 406.37 | E120: 406.36 | F120: 0.01
A121: B3 | B121: Q1 | C121: Herbaceous litter | D121: 40.53 | E121: 0 | F121: 40.53
A122: B3 | B122: Q2 | C122: Acer saccharinum | D122: 406.41 | E122: 406.36 | F122: 0.05
A123: B3 | B123: Q2 | C123: Carex grisea | D123: 413.04 | E123: 406.36 | F123: 6.68
A124: B3 | B124: Q2 | C124: Fine woody debris | D124: 41.97 | E124: 0 | F124: 41.97
A125: B3 | B125: Q2 | C125: Galium aparine | D125: 406.36 | E125: 406.36 | F125: 0
A126: B3 | B126: Q2 | C126: Herbaceous litter | D126: 38.99 | E126: 0 | F126: 38.99 | G126: 2.1
A127: B3 | B127: Q2 | C127: Morus alba | D127: 409.94 | E127: 406.36 | F127: 3.58
A128: B3 | B128: Q2 | C128: Phalaris arundinacea | D128: 18.8 | E128: 0 | F128: 18.8
A129: B3 | B129: Q3 | C129: Fine woody debris | D129: 123.66 | E129: 0 | F129: 123.66 | G129: 4.8
A130: B3 | B130: Q3 | C130: Galium aparine | D130: 406.36 | E130: 406.36 | F130: 0
A131: B3 | B131: Q3 | C131: Herbaceous litter | D131: 38.26 | E131: 0 | F131: 38.26
A132: B3 | B132: Q4 | C132: Fine woody debris | D132: 54.71 | E132: 0 | F132: 54.71 | G132: 4.5
A133: B3 | B133: Q4 | C133: Galium aparine | D133: 406.38 | E133: 406.36 | F133: 0.02
...

Sheet MassWBag
A1: Prelimary biomass data
A3: Batch | B3: 1 | C3: Plot | D3: Quadrat | E3: Species/type | F3: Bag size | G3: Mass with bag (g)
A4: Start time | B4: 44812.917 | C4: A1 | D4: Q4 | E4: Impatiens capensis | F4: S | G4: 7.07
A5: End time | B5: 44814.5 | C5: B1 | D5: Q1 | E5: Humulus japonicus | F5: M | G5: 98.7
C6: B1 | D6: Q1 | E6: Litter | F6: M | G6: 354.05
C7: B1 | D7: Q2 | E7: Humulus japonicus | F7: M | G7: 44.29
C8: B1 | D8: Q2 | E8: Litter | F8: M | G8: 147.76
C9: B1 | D9: Q3 | E9: Litter | F9: M | G9: 212.45
C10: B1 | D10: Q4 | E10: Acer saccharinum | F10: S | G10: 6.54
C11: B1 | D11: Q4 | E11: Urtica gracilis | F11: M | G11: 191.32
C12: B1 | D12: Q4 | E12: Toxicodendron radicans | F12: S | G12: 6.68
C13: B1 | D13: Q4 | E13: Litter | F13: M | G13: 171.54
C14: B1 | D14: Q5 | E14: Phalaris arundinacea | F14: S | G14: 10.55
C15: B1 | D15: Q5 | E15: Humulus japonicus | F15: M | G15: 42.47
C16: B1 | D16: Q5 | E16: Urtica gracilis | F16: S | G16: 8.21
C17: B1 | D17: Q5 | E17: Litter | F17: M | G17: 200.11
A18: Batch | B18: 2 | C18: A1 | D18: Q1 | E18: Pilea pumila | F18: S | G18: 9.01
A19: Start time | B19: 44814.505 | C19: A1 | D19: Q1 | E19: Litter | F19: S | G19: 76.67
A20: End time | B20: 44816.517 | C20: A1 | D20: Q2 | E20: Litter | F20: S | G20: 77.65
C21: A1 | D21: Q2 | E21: Persicaria punctata | F21: S | G21: 11.02
C22: A1 | D22: Q2 | E22: Elymus virginicus | F22: S | G22: 6.55
C23: A1 | D23: Q2 | E23: Pilea pumila | F23: S | G23: 17.39
C24: A1 | D24: Q3 | E24: Pilea pumila | F24: S | G24: 12.53
C25: A1 | D25: Q3 | E25: Litter | F25: S | G25: 40.27
C26: A1 | D26: Q4 | E26: Toxicodendron radicans | F26: S | G26: 7.26
C27: A1 | D27: Q4 | E27: Ulmus americana | F27: S | G27: 8.23
C28: A1 | D28: Q4 | E28: Acer saccharinum | F28: S | G28: 7.06
C29: A1 | D29: Q4 | E29: Persicaria punctata | F29: S | G29: 7.18
C30: A1 | D30: Q4 | E30: Litter | F30: M | G30: 161.83
C31: A1 | D31: Q5 | E31: Sicyos angulatus | F31: S | G31: 7.21
C32: A1 | D32: Q5 | E32: Toxicodendron radicans | F32: S | G32: 6.41
... C58: E1 | D58: Q3 | E58: Phalaris arundinacea | F58: M | G58: 69.03
A59: Batch | B59: 2 | C59: E1 | D59: Q5 | E59: Sicyos angulatus | F59: S | G59: 9.97
A60: Start time | B60: 44814.537 | C60: R3 | D60: Q4 | E60: Acer saccharinum | F60: S | G60: 8.46
A61: End time | B61: 44818.522 | C61: R2 | D61: Q4 | E61: Vitis riparia | F61: S | G61: 7.89
C62: E1 | D62: Q5 | E62: Phalaris arundinacea | F62: M | G62: 71.5
C63: R3 | D63: Q5 | E63: Litter | F63: S | G63: 28.16
C64: R3 | D64: Q4 | E64: Scutellaria lateriflora | F64: S | G64: 9.45
C65: E1 | D65: Q1 | E65: Litter | F65: M | G65: 207.59
C66: R3 | D66: Q1 | E66: Pilea pumila | F66: S | G66: 6.51
C67: R3 | D67: Q1 | E67: Litter | F67: S | G67: 30.45
C68: R2 | D68: Q5 | E68: Litter | F68: M | G68: 283.04
C69: E1 | D69: Q2 | E69: Litter | F69: M | G69: 238.29
C70: R2 | D70: Q3 | E70: Ulmus americana | F70: S | G70: 6.54
C71: R3 | D71: Q4 | E71: Boehmerica cylindrica | F71: S | G71: 7.2
C72: R3 | D72: Q4 | E72: Litter | F72: S | G72: 31.94
C73: E1 | D73: Q2 | E73: Humulus japonicus | F73: M | G73: 127.5
... C91: R3 | D91: Q1 | E91: Persicaria punctata | F91: S | G91: 6.65
A92: Batch | B92: 3 | C92: R2 | D92: Q3 | E92: Morus alba | F92: S | G92: 20.3
A93: Start time | B93: 44818.537 | C93: R2 | D93: Q2 | E93: Morus alba | F93: S | G93: 6.98
A94: End time | B94: 44820.287 | C94: R1 | D94: Q1 | E94: Stachys palustris | F94: S | G94: 7.22
C95: R1 | D95: Q1 | E95: Litter | F95: S | G95: 15.7
C96: R1 | D96: Q1 | E96: Smilax tamnoides | F96: S | G96: 6.79
C97: R1 | D97: Q4 | E97: Unidentified seedling | F97: S | G97: 6.33
C98: R1 | D98: Q3 | E98: Leersia virginica | F98: S | G98: 6.24
C99: R1 | D99: Q2 | E99: Sicyos angulatus | F99: S | G99: 11.76
C100: R2 | D100: Q4 | E100: Acer saccharinum | F100: S | G100: 6.6
C101: R2 | D101: Q2 | E101: Pilea pumila | F101: S | G101: 24.84
C102: R2 | D102: Q2 | E102: Sicyos angulatus | F102: S | G102: 8.82
C103: R1 | D103: Q2 | E103: Litter | F103: S | G103: 23.09
C104: R2 | D104: Q1 | E104: Pilea pumila | F104: S | G104: 6.53
C105: R2 | D105: Q2 | E105: Acalcypha rhomboidea | F105: S | G105: 6.29
C106: R2 | D106: Q2 | E106: Ambrosia trifida | F106: S | G106: 12.59
... C127: R1 | D127: Q2 | E127: Phytolacca americana | F127: M | G127: 65.57
A128: Batch | B128: 4 | C128: C2 | D128: Q1 | E128: Litter | F128: SM | G128: 97.34
A129: Start time | B129: 44822.042 | C129: D3 | D129: Q2 | E129: Litter | F129: SM | G129: 142.14
A130: End time | B130: 44824.542 | C130: C2 | D130: Q3 | E130: Galium aparine | F130: S | G130: 6.67
C131: D2 | D131: Q1 | E131: Humulus japonicus | F131: L | G131: 151.65
C132: D2 | D132: Q5 | E132: Leersia virginica | F132: S | G132: 19.82
C133: D2 | D133: Q5 | E133: Humulus japonicus | F133: SM | G133: 12.17
C134: C2 | D134: Q3 | E134: Litter | F134: S | G134: 91.29
C135: E3 | D135: Q3 | E135: Phalaris arundinacea | F135: S | G135: 7.77
C136: D2 | D136: Q3 | E136: Phalaris arundinacea | F136: SM | G136: 22.91
C137: UNK | E137: Phalaris arundinacea | F137: SM | G137: 32.58
C138: B3 | D138: Q4 | E138: Packera glabella | F138: E | G138: 2.83
C139: C2 | D139: Q3 | E139: Galium aparine | F139: E | G139: 2.89
C140: D1 | D140: Q5 | E140: Acer saccharinum | F140: E | G140: 3.64
C141: D1 | D141: Q5 | E141: Leersia oryzoides | F141: E | G141: 3.09
C142: D1 | D142: Q4 | E142: Pilea pumila | F142: E | G142: 3.02
C143: B3 | D143: Q2 | E143: Morus alba | F143: S | G143: 9.97
C144: C2 | D144: Q2 | E144: Toxicodendron radicans | F144: S | G144: 12.63
C145: C2 | D145: Q2 | E145: Humulus japonicus | F145: S | G145: 8.83
C146: D2 | D146: Q4 | E146: Pilea pumila | F146: SM | G146: 39.76
C147: C2 | D147: Q5 | E147: Litter | F147: SM | G147: 47.28
C148: B3 | D148: Q2 | E148: Carex grayi | F148: SM | G148: 17.58
C149: C2 | D149: Q2 | E149: Morus alba | F149: S | G149: 6.42
... C207: C2 | D207: Q2 | E207: Litter | F207: L | G207: 453.24
A208: Batch | B208: 5 | C208: E3 | D208: Q4 | E208: Litter | F208: SM | G208: 86.32
A209: Start time | B209: 44824.583 | C209: D3 | D209: Q1 | E209: Phalaris arundinacea | F209: SM | G209: 34.01
A210: End time | B210: 44826.601 | C210: B3 | D210: Q2 | E210: Phalaris arundinacea | F210: SM | G210: 36.92
C211: E3 | D211: Q5 | E211: Litter | F211: SM | G211: 78.8
C212: E3 | D212: Q1 | E212: Phalaris arundinacea | F212: SM | G212: 35.92
C213: C3 | D213: Q4 | E213: Litter | F213: SM | G213: 245.75
C214: E3 | D214: Q4 | E214: Persicaria pensylvanica | F214: SM | G214: 27.05
C215: E3 | D215: Q5 | E215: Phalaris arundinacea | F215: S | G215: 7.75
C216: E3 | D216: Q4 | E216: Amaranthus tuberculatus | F216: SM | G216: 19.6
C217: E3 | D217: Q5 | E217: Sicyos angulatus | F217: SM | G217: 18.18
C218: E3 | D218: Q2 | E218: Litter | F218: SM | G218: 123.36
C219: D2 | D219: Q2 | E219: Humulus japonicus | F219: SM | G219: 31.58
C220: E3 | D220: Q5 | E220: Persicaria pensylvanica | F220: SM | G220: 33.59
...

Sheet PrelimBiomass
A1: Plot | B1: Quadrat | C1: Spp | D1: Bag | E1: Dry mass w/ bag (g) | F1: Estimated dry mass w/o bag (g) | G1: Comment
A2: A1 | B2: Q1 | C2: Litter | D2: S | E2: 76.67 | F2: =MAX(E2-IF(D2="S",BagMasses!$B$12,IF(D2="M",BagMasses!$C$12,IF(D2="L",BagMasses!$D$12,IF(D2="SM",BagMasses!$E$12,IF(D2="E",BagMasses!$F$12))))),0) -> 70.137
A3: A1 | B3: Q1 | C3: Pilea pumila | D3: S | E3: 9.01 | F3: =MAX(E3-IF(D3="S",BagMasses!$B$12,IF(D3="M",BagMasses!$C$12,IF(D3="L",BagMasses!$D$12,IF(D3="SM",BagMasses!$E$12,IF(D3="E",BagMasses!$F$12))))),0) -> 2.477
A4: A1 | B4: Q2 | C4: Elymus virginicus | D4: S | E4: 6.55 | F4: =MAX(E4-IF(D4="S",BagMasses!$B$12,IF(D4="M",BagMasses!$C$12,IF(D4="L",BagMasses!$D$12,IF(D4="SM",BagMasses!$E$12,IF(D4="E",BagMasses!$F$12))))),0) -> 0.017
A5: A1 | B5: Q2 | C5: Litter | D5: S | E5: 77.65 | F5: =MAX(E5-IF(D5="S",BagMasses!$B$12,IF(D5="M",BagMasses!$C$12,IF(D5="L",BagMasses!$D$12,IF(D5="SM",BagMasses!$E$12,IF(D5="E",BagMasses!$F$12))))),0) -> 71.117
A6: A1 | B6: Q2 | C6: Persicaria punctata | D6: S | E6: 11.02 | F6: =MAX(E6-IF(D6="S",BagMasses!$B$12,IF(D6="M",BagMasses!$C$12,IF(D6="L",BagMasses!$D$12,IF(D6="SM",BagMasses!$E$12,IF(D6="E",BagMasses!$F$12))))),0) -> 4.487
A7: A1 | B7: Q2 | C7: Pilea pumila | D7: S | E7: 17.39 | F7: =MAX(E7-IF(D7="S",BagMasses!$B$12,IF(D7="M",BagMasses!$C$12,IF(D7="L",BagMasses!$D$12,IF(D7="SM",BagMasses!$E$12,IF(D7="E",BagMasses!$F$12))))),0) -> 10.857
A8: A1 | B8: Q3 | C8: Litter | D8: S | E8: 40.27 | F8: =MAX(E8-IF(D8="S",BagMasses!$B$12,IF(D8="M",BagMasses!$C$12,IF(D8="L",BagMasses!$D$12,IF(D8="SM",BagMasses!$E$12,IF(D8="E",BagMasses!$F$12))))),0) -> 33.737
A9: A1 | B9: Q3 | C9: Pilea pumila | D9: S | E9: 12.53 | F9: =MAX(E9-IF(D9="S",BagMasses!$B$12,IF(D9="M",BagMasses!$C$12,IF(D9="L",BagMasses!$D$12,IF(D9="SM",BagMasses!$E$12,IF(D9="E",BagMasses!$F$12))))),0) -> 5.997
A10: A1 | B10: Q4 | C10: Acer saccharinum | D10: S | E10: 7.06 | F10: =MAX(E10-IF(D10="S",BagMasses!$B$12,IF(D10="M",BagMasses!$C$12,IF(D10="L",BagMasses!$D$12,IF(D10="SM",BagMasses!$E$12,IF(D10="E",BagMasses!$F$12))))),0) -> 0.527
A11: A1 | B11: Q4 | C11: Impatiens capensis | D11: S | E11: 7.07 | F11: =MAX(E11-IF(D11="S",BagMasses!$B$12,IF(D11="M",BagMasses!$C$12,IF(D11="L",BagMasses!$D$12,IF(D11="SM",BagMasses!$E$12,IF(D11="E",BagMasses!$F$12))))),0) -> 0.537
A12: A1 | B12: Q4 | C12: Litter | D12: M | E12: 161.83 | F12: =MAX(E12-IF(D12="S",BagMasses!$B$12,IF(D12="M",BagMasses!$C$12,IF(D12="L",BagMasses!$D$12,IF(D12="SM",BagMasses!$E$12,IF(D12="E",BagMasses!$F$12))))),0) -> 135.412
A13: A1 | B13: Q4 | C13: Persicaria punctata | D13: S | E13: 7.18 | F13: =MAX(E13-IF(D13="S",BagMasses!$B$12,IF(D13="M",BagMasses!$C$12,IF(D13="L",BagMasses!$D$12,IF(D13="SM",BagMasses!$E$12,IF(D13="E",BagMasses!$F$12))))),0) -> 0.647
... A195: D2 | B195: Q5 | C195: Pilea pumila | D195: S | E195: 19.41 | F195: =MAX(E195-IF(D195="S",BagMasses!$B$12,IF(D195="M",BagMasses!$C$12,IF(D195="L",BagMasses!$D$12,IF(D195="SM",BagMasses!$E$12,IF(D195="E",BagMasses!$F$12))))),0) -> 12.877
A196: D2 | B196: Q5 | C196: Sicyos angulatus | D196: SM | E196: 19.46 | F196: =MAX(E196-IF(D196="S",BagMasses!$B$12,IF(D196="M",BagMasses!$C$12,IF(D196="L",BagMasses!$D$12,IF(D196="SM",BagMasses!$E$12,IF(D196="E",BagMasses!$F$12))))),0) -> 8.1733333 | G196: =F179+F182+F185+F188+F194 -> 410.79667
A197: D3 | B197: Q1 | C197: Litter | D197: L | E197: 204.76 | F197: =MAX(E197-IF(D197="S",BagMasses!$B$12,IF(D197="M",BagMasses!$C$12,IF(D197="L",BagMasses!$D$12,IF(D197="SM",BagMasses!$E$12,IF(D197="E",BagMasses!$F$12))))),0) -> 137.15667
A198: D3 | B198: Q1 | C198: Phalaris arundinacea | D198: SM | E198: 34.01 | F198: =MAX(E198-IF(D198="S",BagMasses!$B$12,IF(D198="M",BagMasses!$C$12,IF(D198="L",BagMasses!$D$12,IF(D198="SM",BagMasses!$E$12,IF(D198="E",BagMasses!$F$12))))),0) -> 22.723333
A199: D3 | B199: Q1 | C199: Sicyos angulatus | D199: E | E199: 3.08 | F199: =MAX(E199-IF(D199="S",BagMasses!$B$12,IF(D199="M",BagMasses!$C$12,IF(D199="L",BagMasses!$D$12,IF(D199="SM",BagMasses!$E$12,IF(D199="E",BagMasses!$F$12))))),0) -> 0.083333333
A200: D3 | B200: Q2 | C200: Litter | D200: SM | E200: 142.14 | F200: =MAX(E200-IF(D200="S",BagMasses!$B$12,IF(D200="M",BagMasses!$C$12,IF(D200="L",BagMasses!$D$12,IF(D200="SM",BagMasses!$E$12,IF(D200="E",BagMasses!$F$12))))),0) -> 130.85333
A201: D3 | B201: Q3 | C201: Litter | D201: SM | E201: 154.09 | F201: =MAX(E201-IF(D201="S",BagMasses!$B$12,IF(D201="M",BagMasses!$C$12,IF(D201="L",BagMasses!$D$12,IF(D201="SM",BagMasses!$E$12,IF(D201="E",BagMasses!$F$12))))),0) -> 142.80333
A202: D3 | B202: Q3 | C202: Sicyos angulatus | D202: E | E202: 3.14 | F202: =MAX(E202-IF(D202="S",BagMasses!$B$12,IF(D202="M",BagMasses!$C$12,IF(D202="L",BagMasses!$D$12,IF(D202="SM",BagMasses!$E$12,IF(D202="E",BagMasses!$F$12))))),0) -> 0.14333333
A203: D3 | B203: Q4 | C203: Litter | D203: SM | E203: 105.34 | F203: =MAX(E203-IF(D203="S",BagMasses!$B$12,IF(D203="M",BagMasses!$C$12,IF(D203="L",BagMasses!$D$12,IF(D203="SM",BagMasses!$E$12,IF(D203="E",BagMasses!$F$12))))),0) -> 94.053333
A204: D3 | B204: Q5 | C204: Litter | D204: SM | E204: 115.94 | F204: =MAX(E204-IF(D204="S",BagMasses!$B$12,IF(D204="M",BagMasses!$C$12,IF(D204="L",BagMasses!$D$12,IF(D204="SM",BagMasses!$E$12,IF(D204="E",BagMasses!$F$12))))),0) -> 104.65333 | G204: =F197+F200+F201+F203+F204 -> 609.52
A205: E1 | B205: Q1 | C205: Humulus japonicus | D205: M | E205: 70.59 | F205: =MAX(E205-IF(D205="S",BagMasses!$B$12,IF(D205="M",BagMasses!$C$12,IF(D205="L",BagMasses!$D$12,IF(D205="SM",BagMasses!$E$12,IF(D205="E",BagMasses!$F$12))))),0) -> 44.172
A206: E1 | B206: Q1 | C206: Litter | D206: M | E206: 207.59 | F206: =MAX(E206-IF(D206="S",BagMasses!$B$12,IF(D206="M",BagMasses!$C$12,IF(D206="L",BagMasses!$D$12,IF(D206="SM",BagMasses!$E$12,IF(D206="E",BagMasses!$F$12))))),0) -> 181.172
A207: E1 | B207: Q2 | C207: Humulus japonicus | D207: M | E207: 127.5 | F207: =MAX(E207-IF(D207="S",BagMasses!$B$12,IF(D207="M",BagMasses!$C$12,IF(D207="L",BagMasses!$D$12,IF(D207="SM",BagMasses!$E$12,IF(D207="E",BagMasses!$F$12))))),0) -> 101.082
A208: E1 | B208: Q2 | C208: Litter | D208: M | E208: 238.29 | F208: =MAX(E208-IF(D208="S",BagMasses!$B$12,IF(D208="M",BagMasses!$C$12,IF(D208="L",BagMasses!$D$12,IF(D208="SM",BagMasses!$E$12,IF(D208="E",BagMasses!$F$12))))),0) -> 211.872
A209: E1 | B209: Q3 | C209: Humulus japonicus | D209: M | E209: 39.48 | F209: =MAX(E209-IF(D209="S",BagMasses!$B$12,IF(D209="M",BagMasses!$C$12,IF(D209="L",BagMasses!$D$12,IF(D209="SM",BagMasses!$E$12,IF(D209="E",BagMasses!$F$12))))),0) -> 13.062
A210: E1 | B210: Q3 | C210: Litter | D210: S | E210: 163.05 | F210: =MAX(E210-IF(D210="S",BagMasses!$B$12,IF(D210="M",BagMasses!$C$12,IF(D210="L",BagMasses!$D$12,IF(D210="SM",BagMasses!$E$12,IF(D210="E",BagMasses!$F$12))))),0) -> 156.517
A211: E1 | B211: Q3 | C211: Phalaris arundinacea | D211: M | E211: 69.03 | F211: =MAX(E211-IF(D211="S",BagMasses!$B$12,IF(D211="M",BagMasses!$C$12,IF(D211="L",BagMasses!$D$12,IF(D211="SM",BagMasses!$E$12,IF(D211="E",BagMasses!$F$12))))),0) -> 42.612
A212: E1 | B212: Q4 | C212: Humulus japonicus | D212: S | E212: 11.68 | F212: =MAX(E212-IF(D212="S",BagMasses!$B$12,IF(D212="M",BagMasses!$C$12,IF(D212="L",BagMasses!$D$12,IF(D212="SM",BagMasses!$E$12,IF(D212="E",BagMasses!$F$12))))),0) -> 5.147
A213: E1 | B213: Q4 | C213: Litter | D213: M | E213: 171.73 | F213: =MAX(E213-IF(D213="S",BagMasses!$B$12,IF(D213="M",BagMasses!$C$12,IF(D213="L",BagMasses!$D$12,IF(D213="SM",BagMasses!$E$12,IF(D213="E",BagMasses!$F$12))))),0) -> 145.312
A214: E1 | B214: Q4 | C214: Phalaris arundinacea | D214: M | E214: 89.9 | F214: =MAX(E214-IF(D214="S",BagMasses!$B$12,IF(D214="M",BagMasses!$C$12,IF(D214="L",BagMasses!$D$12,IF(D214="SM",BagMasses!$E$12,IF(D214="E",BagMasses!$F$12))))),0) -> 63.482
A215: E1 | B215: Q5 | C215: Litter | D215: S | E215: 161.23 | F215: =MAX(E215-IF(D215="S",BagMasses!$B$12,IF(D215="M",BagMasses!$C$12,IF(D215="L",BagMasses!$D$12,IF(D215="SM",BagMasses!$E$12,IF(D215="E",BagMasses!$F$12))))),0) -> 154.697
A216: E1 | B216: Q5 | C216: Phalaris arundinacea | D216: M | E216: 71.5 | F216: =MAX(E216-IF(D216="S",BagMasses!$B$12,IF(D216="M",BagMasses!$C$12,IF(D216="L",BagMasses!$D$12,IF(D216="SM",BagMasses!$E$12,IF(D216="E",BagMasses!$F$12))))),0) -> 45.082
... A237: E3 | B237: Q2 | C237: Litter | D237: SM | E237: 123.36 | F237: =MAX(E237-IF(D237="S",BagMasses!$B$12,IF(D237="M",BagMasses!$C$12,IF(D237="L",BagMasses!$D$12,IF(D237="SM",BagMasses!$E$12,IF(D237="E",BagMasses!$F$12))))),0) -> 112.07333
A238: E3 | B238: Q2 | C238: Phalaris arundinacea | D238: SM | E238: 32.58 | F238: =MAX(E238-IF(D238="S",BagMasses!$B$12,IF(D238="M",BagMasses!$C$12,IF(D238="L",BagMasses!$D$12,IF(D238="SM",BagMasses!$E$12,IF(D238="E",BagMasses!$F$12))))),0) -> 21.293333 | G238: Initially unknown quadrat because bag not labelled
A239: E3 | B239: Q2 | C239: Pilea pumila | D239: E | E239: 2.93 | F239: =MAX(E239-IF(D239="S",BagMasses!$B$12,IF(D239="M",BagMasses!$C$12,IF(D239="L",BagMasses!$D$12,IF(D239="SM",BagMasses!$E$12,IF(D239="E",BagMasses!$F$12))))),0) -> 0
A240: E3 | B240: Q3 | C240: Humulus japonicus | D240: L | E240: 108.71 | F240: =MAX(E240-IF(D240="S",BagMasses!$B$12,IF(D240="M",BagMasses!$C$12,IF(D240="L",BagMasses!$D$12,IF(D240="SM",BagMasses!$E$12,IF(D240="E",BagMasses!$F$12))))),0) -> 41.106667
A241: E3 | B241: Q3 | C241: Humulus japonicus | D241: S | E241: 17.17 | F241: =MAX(E241-IF(D241="S",BagMasses!$B$12,IF(D241="M",BagMasses!$C$12,IF(D241="L",BagMasses!$D$12,IF(D241="SM",BagMasses!$E$12,IF(D241="E",BagMasses!$F$12))))),0) -> 10.637
A242: E3 | B242: Q3 | C242: Litter | D242: L | E242: 154.63 | F242: =MAX(E242-IF(D242="S",BagMasses!$B$12,IF(D242="M",BagMasses!$C$12,IF(D242="L",BagMasses!$D$12,IF(D242="SM",BagMasses!$E$12,IF(D242="E",BagMasses!$F$12))))),0) -> 87.026667
A243: E3 | B243: Q3 | C243: Phalaris arundinacea | D243: S | E243: 7.77 | F243: =MAX(E243-IF(D243="S",BagMasses!$B$12,IF(D243="M",BagMasses!$C$12,IF(D243="L",BagMasses!$D$12,IF(D243="SM",BagMasses!$E$12,IF(D243="E",BagMasses!$F$12))))),0) -> 1.237
A244: E3 | B244: Q4 | C244: Amaranthus tuberculatus | D244: SM | E244: 19.6 | F244: =MAX(E244-IF(D244="S",BagMasses!$B$12,IF(D244="M",BagMasses!$C$12,IF(D244="L",BagMasses!$D$12,IF(D244="SM",BagMasses!$E$12,IF(D244="E",BagMasses!$F$12))))),0) -> 8.3133333
A245: E3 | B245: Q4 | C245: Humulus japonicus | D245: SM | E245: 25.1 | F245: =MAX(E245-IF(D245="S",BagMasses!$B$12,IF(D245="M",BagMasses!$C$12,IF(D245="L",BagMasses!$D$12,IF(D245="SM",BagMasses!$E$12,IF(D245="E",BagMasses!$F$12))))),0) -> 13.813333
A246: E3 | B246: Q4 | C246: Litter | D246: SM | E246: 86.32 | F246: =MAX(E246-IF(D246="S",BagMasses!$B$12,IF(D246="M",BagMasses!$C$12,IF(D246="L",BagMasses!$D$12,IF(D246="SM",BagMasses!$E$12,IF(D246="E",BagMasses!$F$12))))),0) -> 75.033333
A247: E3 | B247: Q4 | C247: Persicaria pensylvanica | D247: SM | E247: 27.05 | F247: =MAX(E247-IF(D247="S",BagMasses!$B$12,IF(D247="M",BagMasses!$C$12,IF(D247="L",BagMasses!$D$12,IF(D247="SM",BagMasses!$E$12,IF(D247="E",BagMasses!$F$12))))),0) -> 15.763333
A248: E3 | B248: Q5 | C248: Litter | D248: SM | E248: 78.8 | F248: =MAX(E248-IF(D248="S",BagMasses!$B$12,IF(D248="M",BagMasses!$C$12,IF(D248="L",BagMasses!$D$12,IF(D248="SM",BagMasses!$E$12,IF(D248="E",BagMasses!$F$12))))),0) -> 67.513333
A249: E3 | B249: Q5 | C249: Persicaria pensylvanica | D249: SM | E249: 33.59 | F249: =MAX(E249-IF(D249="S",BagMasses!$B$12,IF(D249="M",BagMasses!$C$12,IF(D249="L",BagMasses!$D$12,IF(D249="SM",BagMasses!$E$12,IF(D249="E",BagMasses!$F$12))))),0) -> 22.303333
A250: E3 | B250: Q5 | C250: Phalaris arundinacea | D250: S | E250: 7.75 | F250: =MAX(E250-IF(D250="S",BagMasses!$B$12,IF(D250="M",BagMasses!$C$12,IF(D250="L",BagMasses!$D$12,IF(D250="SM",BagMasses!$E$12,IF(D250="E",BagMasses!$F$12))))),0) -> 1.217
... A311: R3 | B311: Q5 | C311: Scutellaria lateriflora | D311: S | E311: 7.01 | F311: =MAX(E311-IF(D311="S",BagMasses!$B$12,IF(D311="M",BagMasses!$C$12,IF(D311="L",BagMasses!$D$12,IF(D311="SM",BagMasses!$E$12,IF(D311="E",BagMasses!$F$12))))),0) -> 0.477

Sheet BagMasses
B1: Small bag mass (g) | C1: Med bag mass (g) | D1: Large bag mass (g) | E1: Small-Medium bag mass (g) | F1: Envelope mass (g)
B2: 6.54 | C2: 26.54 | D2: 67.27 | E2: 11.2 | F2: 2.99
B3: 6.48 | C3: 26.5 | D3: 68.78 | E3: 11.32 | F3: 3.01
B4: 6.46 | C4: 26.41 | D4: 66.76 | E4: 11.34 | F4: 2.99
B5: 6.58 | C5: 26.58
B6: 6.54 | C6: 26.44
B7: 6.5 | C7: 26.32
B8: 6.61 | C8: 26.27
B9: 6.55 | C9: 26.53
B10: 6.48 | C10: 26.43
B11: 6.59 | C11: 26.16
A12: Average | B12: =AVERAGE(B2:B11) -> 6.533 | C12: =AVERAGE(C2:C11) -> 26.418 | D12: =AVERAGE(D2:D11) -> 67.603333 | E12: =AVERAGE(E2:E11) -> 11.286667 | F12: =AVERAGE(F2:F11) -> 2.9966667
